Movie,Worldwide,India Net,India Gross,Overseas,Budget
Pathaan,10500000000,5240000000,6570000000,3920000000,2500000000
Baahubali 2 The Conclusion,17880000000,5100000000,14160000000,3710000000,2500000000
KGF Chapter 2,12080000000,4350000000,10000000000,2070000000,1000000000
Dangal,20700000000,3740000000,5350000000,15350000000,700000000
Sanju,5880000000,3420000000,4380000000,1500000000,1000000000
PK,7920000000,3400000000,4890000000,3030000000,850000000
Tiger Zinda Hai,5580000000,3390000000,4330000000,1240000000,2100000000
Bajrangi Bhaijaan,9220000000,3200000000,4320000000,4890000000,900000000
War,4710000000,3030000000,3750000000,960000000,1500000000
Padmaavat,5850000000,3020000000,4000000000,1850000000,2150000000
Sultan,6270000000,3000000000,4210000000,2060000000,800000000
Kabir Singh,3770000000,2780000000,3300000000,470000000,550000000
Tanhaji: The Unsung Warrior,3610000000,2770000000,3250000000,360000000,1500000000
RRR,12300000000,2720000000,9150000000,3140000000,5500000000
Dhoom 3,5580000000,2710000000,3720000000,1860000000,1750000000
The Kashmir Files,3410000000,2520000000,2950000000,460000000,200000000
Brahmastra Part One: Shiva,4310000000,2490000000,3180000000,1130000000,3500000000
URI The Surgical Strike,3410000000,2440000000,2930000000,480000000,700000000
Simmba,3900000000,2400000000,2950000000,950000000,900000000
Drishyam 2,3420000000,2390000000,2820000000,590000000,500000000
Kick,3780000000,2310000000,3100000000,680000000,1000000000
Krrish 3,3740000000,2310000000,3130000000,610000000,940000000
Chennai Express,4220000000,2270000000,3100000000,1120000000,1150000000
Bharat,3210000000,2120000000,2510000000,700000000,1650000000
Housefull 4,2960000000,2100000000,2470000000,490000000,1750000000
Prem Ratan Dhan Payo,4050000000,2100000000,3100000000,950000000,1800000000
Golmaal Again,3080000000,2050000000,2620000000,450000000,800000000
Good Newwz,3160000000,2050000000,2420000000,740000000,600000000
Mission Mangal,2900000000,2030000000,2360000000,540000000,400000000
3 Idiots,4600000000,2020000000,2740000000,1860000000,550000000
Happy New Year,3970000000,1990000000,2950000000,1020000000,1500000000
Ek Tha Tiger,3200000000,1980000000,2630000000,570000000,750000000
Sooryavanshi,2930000000,1950000000,2300000000,620000000,1800000000
Two Point 0,7440000000,1900000000,5510000000,1930000000,5430000000
Yeh Jawaani Hai Deewani,3180000000,1880000000,2420000000,760000000,750000000
Bhool Bhulaiyaa 2,2650000000,1840000000,2160000000,490000000,800000000
Bajirao Mastani,3620000000,1840000000,2630000000,990000000,1450000000
Bang Bang!,3400000000,1740000000,2700000000,700000000,1600000000
Race 3,3000000000,1690000000,2170000000,830000000,1700000000
Baaghi 2,2570000000,1650000000,2110000000,450000000,750000000
Raees,2850000000,1640000000,2270000000,570000000,920000000
Kesari,2080000000,1550000000,1830000000,250000000,1000000000
Total Dhamaal,2320000000,1550000000,1830000000,480000000,1050000000
Dabangg 2,2650000000,1550000000,2260000000,390000000,840000000
Chhichhore,2110000000,1530000000,1800000000,310000000,700000000
Tanu Weds Manu Returns,2580000000,1500000000,2140000000,440000000,390000000
Bodyguard,2300000000,1480000000,1890000000,410000000,600000000
Dilwale,3880000000,1480000000,2120000000,1760000000,1650000000
Super 30,2100000000,1470000000,1710000000,390000000,600000000
Tu Jhoothi Main Makkar,2230000000,1470000000,1750000000,480000000,700000000
Dabangg 3,2180000000,1460000000,1780000000,400000000,900000000
Saaho,4510000000,1450000000,3590000000,920000000,3500000000
Thugs Of Hindostan,3270000000,1450000000,1940000000,1330000000,3000000000
Dream Girl,1950000000,1410000000,1630000000,320000000,300000000
Singham Returns,2160000000,1400000000,2000000000,160000000,1050000000
Dabangg,2150000000,1400000000,2070000000,70000000,420000000
Gully Boy,2350000000,1390000000,1640000000,710000000,600000000
Judwaa 2,2270000000,1380000000,1920000000,350000000,650000000
Badhaai Ho,2200000000,1370000000,1760000000,440000000,230000000
The Kerala Story,1640000000,1350000000,1610000000,30000000,150000000
Toilet Ek Prem Katha,3160000000,1340000000,1860000000,1300000000,180000000
Rowdy Rathore,1980000000,1330000000,1720000000,260000000,450000000
M.S. Dhoni: The Untold Story,2150000000,1330000000,1840000000,300000000,1040000000
Gangubai Kathiawadi,2110000000,1310000000,1550000000,560000000,1800000000
Stree,1820000000,1290000000,1670000000,150000000,300000000
Airlift,2280000000,1280000000,1830000000,450000000,300000000
Avatar: The Way of Water,1.74E+11,1270000000,4770000000,1.69E+11,32000000000
Rustom,2160000000,1270000000,1770000000,390000000,500000000
Raazi,1950000000,1230000000,1580000000,370000000,370000000
Ready,1850000000,1200000000,1530000000,310000000,400000000
Jab Tak Hai Jaan,2350000000,1200000000,1670000000,670000000,500000000
Tubelight,2110000000,1190000000,1650000000,450000000,1000000000
Baahubali,6500000000,1180000000,5160000000,1340000000,1800000000
Agneepath,1950000000,1180000000,1590000000,360000000,710000000
Badrinath Ki Dulhania,2010000000,1170000000,1620000000,380000000,440000000
Goliyon Ki Rasleela Ram-Leela,2180000000,1170000000,1580000000,590000000,880000000
Jai Ho,1860000000,1170000000,1500000000,360000000,650000000
Jolly LLB 2,1970000000,1170000000,1620000000,340000000,300000000
Avengers End Game,1.90E+11,1160000000,4450000000,1.33E+11,25000000000
Bala,1620000000,1160000000,1350000000,270000000,350000000
Ra.One,2060000000,1160000000,1560000000,490000000,1300000000
Ghajini,1940000000,1140000000,1570000000,360000000,520000000
Ae Dil Hai Mushkil,2400000000,1130000000,1580000000,820000000,700000000
Holiday,1780000000,1120000000,1530000000,240000000,500000000
Barfi!,1750000000,1120000000,1450000000,300000000,400000000
Housefull 2,1880000000,1120000000,1510000000,360000000,720000000
Housefull 3,1850000000,1100000000,1540000000,310000000,850000000
Gold,1580000000,1090000000,1410000000,170000000,750000000
Kisi Ka Bhai Kisi Ki Jaan,1820000000,1090000000,1300000000,520000000,1000000000
Sonu Ke Titu Ki Sweety,1560000000,1080000000,1390000000,170000000,400000000
Bhaag Milkha Bhaag,1680000000,1080000000,1460000000,210000000,300000000
Don 2: The Chase Continues,2100000000,1080000000,1440000000,650000000,760000000
Golmaal 3,1620000000,1060000000,1430000000,180000000,400000000
Pushpa: The Rise (Part 1),3500000000,1060000000,3130000000,360000000,1500000000
ABCD 2,1660000000,1060000000,1460000000,190000000,650000000
Ek Villain,1550000000,1050000000,1420000000,120000000,390000000
Son Of Sardaar,1500000000,1050000000,1410000000,80000000,400000000
Kaabil,1780000000,1040000000,1450000000,320000000,350000000
De De Pyaar De,1390000000,1040000000,1130000000,260000000,750000000
83,1930000000,1040000000,1290000000,640000000,2200000000
Bol Bachchan,1750000000,1030000000,1440000000,300000000,650000000
Raid,1540000000,1030000000,1320000000,220000000,350000000
2 States,1730000000,1020000000,1420000000,300000000,500000000
Grand Masti,1450000000,1020000000,1300000000,140000000,350000000
Race 2,1620000000,1010000000,1310000000,300000000,850000000
Singham,1510000000,1000000000,1300000000,200000000,520000000
Shivaay,1470000000,1000000000,1380000000,80000000,1000000000
Batla House,1270000000,990000000,1160000000,110000000,500000000
Zero,1780000000,960000000,1200000000,570000000,2000000000
Welcome Back,1680000000,960000000,1300000000,380000000,900000000
Baaghi 3,1370000000,960000000,1140000000,230000000,1000000000
Baby,1420000000,950000000,1290000000,130000000,590000000
Manikarnika: The Queen of Jhansi,1420000000,940000000,1160000000,250000000,1010000000
Luka Chuppi,1280000000,940000000,1110000000,170000000,200000000
Raajneeti,1450000000,930000000,1260000000,190000000,600000000
Talaash,1750000000,930000000,1210000000,530000000,600000000
Satyameva Jayate,1210000000,900000000,1160000000,50000000,450000000
Bholaa,1230000000,900000000,1080000000,150000000,1000000000
Singh Is Bliing,1460000000,900000000,1200000000,260000000,760000000
Zindagi Na Milegi Dobara,1530000000,890000000,1210000000,310000000,550000000
Badla,1400000000,880000000,1040000000,360000000,200000000
Gabbar is Back,1350000000,870000000,1180000000,170000000,720000000
Rab Ne Bana Di Jodi,1510000000,850000000,1140000000,360000000,350000000
Kantara,4070000000,840000000,3630000000,440000000,160000000
Kalank,1460000000,840000000,990000000,470000000,1500000000
Pati Patni Aur Woh,1090000000,840000000,990000000,100000000,400000000
JugJugg Jeeyo,1370000000,840000000,990000000,380000000,1000000000
Fan,1820000000,840000000,1130000000,690000000,850000000
My Name Is Khan,2240000000,820000000,1110000000,1120000000,850000000
Brothers,1400000000,820000000,1140000000,250000000,1050000000
Padman,2050000000,810000000,1050000000,1000000000,200000000
Oh My God,1490000000,810000000,1090000000,400000000,200000000
Veere Di Wedding,1400000000,810000000,1050000000,350000000,300000000
Sairat,1100000000,800000000,1040000000,60000000,40000000
Dhoom 2,1470000000,800000000,1090000000,380000000,350000000
Fukrey Returns,1120000000,800000000,1080000000,40000000,220000000
The Dirty Picture,1160000000,790000000,1070000000,80000000,280000000
Piku,1410000000,790000000,1070000000,340000000,400000000
Sui Dhaaga - Made In India,1240000000,790000000,1000000000,240000000,400000000
Vikram Vedha,1350000000,780000000,930000000,420000000,1500000000
Gunday,1300000000,780000000,1060000000,240000000,510000000
Om Shanti Om,1480000000,780000000,1050000000,420000000,380000000
Baadshaho,1230000000,780000000,1080000000,150000000,850000000
Aashiqui 2,1090000000,780000000,1050000000,30000000,150000000
Dil Dhadakne Do,1500000000,760000000,1060000000,430000000,830000000
Humpty Sharma Ki Dulhania,1190000000,760000000,1060000000,120000000,330000000
Gadar: Ek Prem Katha,1320000000,760000000,1270000000,50000000,180000000
Baaghi,1250000000,760000000,1020000000,230000000,370000000
Housefull,1190000000,750000000,1020000000,160000000,450000000
Neerja,1200000000,750000000,1010000000,180000000,250000000
Lage Raho Munna Bhai,1240000000,740000000,1000000000,240000000,220000000
Ram Setu,960000000,740000000,890000000,70000000,1500000000
Andhadhun,4380000000,740000000,950000000,3430000000,170000000
Dhadak,1130000000,740000000,950000000,180000000,300000000
Street Dancer 3D,1020000000,730000000,870000000,150000000,1000000000
Kapoor & Sons,1430000000,730000000,980000000,440000000,350000000
Hum Aapke Hain Koun..!,1280000000,720000000,1170000000,110000000,60000000
Entertainment,1040000000,720000000,970000000,60000000,800000000
Krrish,1210000000,710000000,1000000000,200000000,350000000
Cocktail,1210000000,710000000,960000000,250000000,450000000
Student Of The Year 2,950000000,700000000,840000000,110000000,750000000
Khiladi 786,970000000,700000000,940000000,20000000,350000000
Welcome,1190000000,700000000,940000000,240000000,480000000
Dishoom,1190000000,700000000,940000000,250000000,550000000
Student Of The Year,960000000,700000000,920000000,40000000,590000000
Raaz 3,990000000,690000000,940000000,40000000,280000000
Hindi Medium,3340000000,690000000,960000000,2370000000,230000000
Bhediya,960000000,680000000,810000000,150000000,600000000
Kedarnath,960000000,680000000,850000000,110000000,500000000
Dear Zindagi,1360000000,680000000,920000000,430000000,300000000
Singh Is Kinng,1220000000,670000000,940000000,280000000,500000000
Chak De India,1090000000,670000000,910000000,170000000,200000000
Tamasha,1360000000,670000000,870000000,490000000,870000000
Drishyam,1100000000,670000000,900000000,190000000,480000000
Special 26,1030000000,660000000,900000000,120000000,450000000
Love Aaj Kal,1170000000,660000000,860000000,310000000,500000000
Article 15,940000000,660000000,790000000,150000000,250000000
R... Rajkumar,1000000000,650000000,880000000,110000000,560000000
Samrat Prithviraj,850000000,650000000,770000000,80000000,2200000000
Parmanu The Story Of Pokhran,910000000,650000000,840000000,70000000,450000000
Pink,1040000000,650000000,880000000,150000000,230000000
Jab Harry Met Sejal,1110000000,640000000,890000000,210000000,10000000
Pyaar Ka Punchnama 2,880000000,640000000,860000000,10000000,220000000
Ajab Prem Ki Ghazab Kahani,1010000000,640000000,830000000,180000000,250000000
Satyagraha,910000000,630000000,860000000,40000000,600000000
Humshakals,1030000000,630000000,850000000,170000000,640000000
Secret Superstar,9120000000,630000000,810000000,8310000000,150000000
Taare Zameen Par,980000000,620000000,830000000,150000000,120000000
Shubh Mangal Zyada Saavdhan,830000000,620000000,730000000,100000000,350000000
Rockstar,1080000000,610000000,830000000,250000000,600000000
Laal Singh Chaddha,1330000000,610000000,720000000,610000000,1800000000
Once Upon Ay Time In Mumbai Dobaara!,910000000,610000000,820000000,90000000,750000000
Tees Maar Khan,1000000000,600000000,820000000,170000000,350000000
Queen,930000000,600000000,820000000,100000000,200000000
Wanted,870000000,600000000,810000000,50000000,500000000
Race,1030000000,600000000,840000000,180000000,450000000
Udta Punjab,970000000,600000000,830000000,130000000,470000000
Half Girlfriend,970000000,600000000,810000000,160000000,580000000
Befikre,990000000,600000000,830000000,150000000,640000000
Raanjhanaa,930000000,600000000,810000000,120000000,300000000
Partner,990000000,600000000,830000000,160000000,280000000
Besharam,950000000,590000000,800000000,140000000,830000000
Malang,800000000,590000000,700000000,100000000,500000000
Shootout at Wadala,830000000,580000000,790000000,40000000,450000000
Mere Brother Ki Dulhan,940000000,580000000,780000000,150000000,280000000
Mohenjo Daro,1070000000,580000000,780000000,290000000,1200000000
Action Jackson,880000000,570000000,780000000,100000000,800000000
Mary Kom,910000000,560000000,760000000,150000000,300000000
Haider,790000000,550000000,750000000,30000000,450000000
Jodhaa Akbar,1060000000,550000000,750000000,310000000,450000000
Mubarakan,930000000,550000000,760000000,160000000,630000000
Once Upon a Time in Mumbaai,850000000,550000000,740000000,100000000,360000000
Jaane Tu... Ya Jaane Na,820000000,550000000,740000000,70000000,150000000
Yamla Pagla Deewana,880000000,550000000,740000000,140000000,280000000
Kabhi Khushi Kabhie Gham,1190000000,540000000,770000000,420000000,400000000
Boss,840000000,540000000,730000000,110000000,700000000
Phantom,840000000,540000000,730000000,110000000,700000000
Jagga Jasoos,830000000,540000000,750000000,80000000,1250000000
Dilwale Dulhania Le Jayenge,1020000000,530000000,890000000,130000000,40000000
Rang De Basanti,960000000,520000000,740000000,220000000,280000000
Heropanti,750000000,520000000,710000000,40000000,250000000
Ki & Ka,990000000,520000000,700000000,280000000,300000000
102 Not Out,1150000000,520000000,670000000,480000000,340000000
Fanaa,1020000000,510000000,700000000,320000000,300000000
Hate Story 3,750000000,510000000,690000000,50000000,200000000
Delhi Belly,870000000,510000000,690000000,170000000,230000000
Kahaani,790000000,510000000,690000000,90000000,150000000
Golmaal Returns,820000000,510000000,690000000,120000000,350000000
Main Tera Hero,770000000,500000000,680000000,80000000,400000000
Sachin A Billion Dreams,700000000,500000000,650000000,50000000,390000000
Sachin: A Billion Dreams,700000000,500000000,650000000,50000000,390000000
Bachchhan Paandey,700000000,500000000,590000000,100000000,1650000000
Don: The Chase Begins Again,1040000000,500000000,670000000,360000000,350000000
Badlapur,780000000,500000000,670000000,110000000,200000000
Kis Kisko Pyaar Karoon,720000000,490000000,670000000,40000000,180000000
Spider-Man: No Way Home,1.02E+11,490000000,2610000000,56400000000,15000000000
Kai Po Che!,740000000,490000000,660000000,70000000,300000000
Bhool Bhulaiyaa,820000000,490000000,680000000,140000000,320000000
Kites,870000000,490000000,660000000,210000000,650000000
Raksha Bandhan,680000000,480000000,570000000,110000000,700000000
De Dana Dan,810000000,480000000,640000000,170000000,600000000
Marjaavaan,620000000,480000000,550000000,60000000,500000000
Murder 2,670000000,470000000,640000000,30000000,130000000
Himmatwala,650000000,470000000,640000000,10000000,680000000
Mardaani 2,670000000,470000000,570000000,100000000,300000000
Heyy Babyy,830000000,470000000,630000000,200000000,300000000
Kambakkht Ishq,850000000,470000000,630000000,220000000,500000000
Koi... Mil Gaya,800000000,460000000,700000000,90000000,280000000
Kuch Kuch Hota Hai,910000000,460000000,630000000,270000000,140000000
Ragini MMS 2,620000000,460000000,610000000,0,180000000
Thank You,720000000,460000000,620000000,90000000,600000000
Shuddh Desi Romance,750000000,460000000,620000000,120000000,250000000
Hichki,2360000000,450000000,590000000,1770000000,200000000
October,670000000,450000000,590000000,80000000,400000000
Veer,650000000,450000000,610000000,40000000,550000000
Ishaqzaade,610000000,450000000,610000000,0,160000000
Guru,820000000,450000000,610000000,210000000,220000000
New York,750000000,450000000,580000000,160000000,220000000
Kyaa Super Kool Hai Hum,640000000,440000000,600000000,30000000,190000000
Kabhi Alvida Naa Kehna,1110000000,440000000,600000000,500000000,450000000
No Entry,730000000,440000000,620000000,100000000,220000000
Roy,560000000,440000000,520000000,30000000,500000000
K.G.F : Chapter 1,2370000000,440000000,2270000000,100000000,800000000
ABCD: Any Body Can Dance,610000000,440000000,570000000,30000000,200000000
Dostana,810000000,440000000,590000000,220000000,400000000
Double Dhamaal,710000000,440000000,590000000,110000000,300000000
Kaho Naa... Pyaar Hai,780000000,440000000,730000000,50000000,100000000
Heroine,700000000,430000000,580000000,120000000,350000000
Ek Villain Returns,600000000,430000000,510000000,90000000,720000000
Raja Hindustani,760000000,430000000,600000000,150000000,60000000
Agent Vinod,710000000,430000000,560000000,140000000,550000000
Shaandaar,730000000,430000000,590000000,130000000,690000000
I Hate Luv Storys,720000000,420000000,580000000,140000000,240000000
Romeo Akbar Walter,580000000,420000000,500000000,70000000,350000000
Shubh Mangal Saavdhan,640000000,420000000,590000000,40000000,250000000
Madras Cafe,660000000,420000000,570000000,90000000,340000000
Desi Boyz,800000000,420000000,570000000,220000000,540000000
Veer-Zaara,950000000,420000000,570000000,380000000,220000000
Jannat 2,620000000,420000000,570000000,50000000,230000000
Mohabbatein,760000000,410000000,560000000,200000000,190000000
Devdas,900000000,410000000,560000000,340000000,300000000
All The Best: Fun Begins,580000000,410000000,530000000,40000000,400000000
Kaminey,700000000,410000000,550000000,140000000,330000000
Chashme Baddoor,590000000,410000000,550000000,30000000,220000000
Pagalpanti,510000000,410000000,470000000,40000000,600000000
Atithi Tum Kab Jaoge?,570000000,410000000,550000000,10000000,200000000
Wazir,780000000,410000000,550000000,230000000,350000000
Batti Gul Meter Chalu,580000000,400000000,520000000,60000000,550000000
Phir Hera Pheri,690000000,400000000,550000000,140000000,180000000
Matru Ki Bijlee Ka Mandola,620000000,400000000,540000000,70000000,430000000
Anjaana Anjaani,680000000,400000000,540000000,140000000,380000000
Bhagam Bhag,670000000,400000000,540000000,130000000,320000000
Love Aaj Kal,570000000,400000000,470000000,100000000,600000000
Yaariyan,540000000,400000000,540000000,0,160000000
Shamshera,600000000,390000000,470000000,130000000,1500000000
Aarakshan,640000000,390000000,530000000,100000000,450000000
Antim: The Final Truth,580000000,390000000,460000000,110000000,350000000
Ek Main Aur Ekk Tu,730000000,390000000,530000000,200000000,320000000
Border,640000000,390000000,620000000,20000000,100000000
Bhoothnath Returns,580000000,390000000,520000000,50000000,320000000
Tevar,560000000,390000000,520000000,30000000,450000000
Hum Saath-Saath Hain: We Stand United,800000000,390000000,650000000,150000000,170000000
Kal Ho Naa Ho,820000000,380000000,520000000,290000000,280000000
Khatta Meetha,620000000,380000000,520000000,100000000,350000000
Blue,630000000,380000000,520000000,110000000,750000000
Cirkus,600000000,380000000,450000000,150000000,700000000
A Flying Jatt,560000000,380000000,520000000,40000000,450000000
Ta Ra Rum Pum,680000000,380000000,510000000,160000000,280000000
Hasee Toh Phasee,630000000,370000000,510000000,110000000,250000000
Main Hoon Na,700000000,370000000,500000000,200000000,250000000
MOM,650000000,370000000,510000000,130000000,350000000
Namastey London,710000000,370000000,510000000,190000000,210000000
Shaadi Ke Side Effects,690000000,370000000,500000000,190000000,410000000
Naam Shabana,550000000,360000000,480000000,70000000,250000000
Tanu Weds Manu,530000000,360000000,490000000,40000000,200000000
Bachna Ae Haseeno,620000000,360000000,470000000,150000000,230000000
Phata Poster Nikla Hero,630000000,360000000,490000000,140000000,400000000
Thank God,480000000,360000000,420000000,60000000,700000000
Fukrey,500000000,360000000,480000000,10000000,170000000
Mastizaade,510000000,360000000,480000000,20000000,300000000
Bunty Aur Babli,620000000,360000000,500000000,120000000,120000000
Tumhari Sulu,500000000,360000000,460000000,40000000,170000000
Bullett Raja,530000000,360000000,480000000,40000000,510000000
Ramaiya Vastavaiya,500000000,360000000,480000000,10000000,380000000
Ghayal Once Again,570000000,350000000,480000000,90000000,500000000
Force 2,580000000,350000000,480000000,100000000,400000000
Mardaani,590000000,350000000,480000000,110000000,200000000
Finding Fanny,630000000,350000000,480000000,150000000,250000000
Runway 34,500000000,350000000,410000000,90000000,600000000
Vicky Donor,540000000,350000000,470000000,60000000,100000000
Badmaash Company,500000000,340000000,470000000,30000000,200000000
Chhapaak,550000000,340000000,400000000,150000000,500000000
Dil To Pagal Hai,580000000,340000000,470000000,110000000,90000000
English Vinglish,830000000,340000000,460000000,370000000,200000000
Judgementall Hai Kya,490000000,340000000,410000000,80000000,350000000
Hamari Adhuri Kahani,510000000,340000000,460000000,50000000,380000000
Lagaan: Once Upon a Time in India,580000000,340000000,460000000,110000000,250000000
Bareilly Ki Barfi,580000000,340000000,470000000,100000000,200000000
Sarkar Raj,570000000,340000000,450000000,110000000,250000000
Yamla Pagla Deewana 2,480000000,330000000,450000000,20000000,300000000
Panipat,490000000,330000000,400000000,90000000,800000000
Hero,490000000,330000000,450000000,30000000,320000000
Bell Bottom,530000000,330000000,390000000,140000000,1800000000
Azhar,500000000,330000000,440000000,50000000,380000000
Kill Dil,580000000,330000000,440000000,130000000,400000000
Dhamaal,510000000,330000000,450000000,50000000,170000000
Kahaani 2,550000000,330000000,440000000,110000000,250000000
Ladies vs Ricky Bahl,490000000,320000000,440000000,40000000,200000000
Uunchai,480000000,320000000,380000000,90000000,450000000
Munna Michael,480000000,320000000,450000000,20000000,410000000
Ghanchakkar,470000000,320000000,440000000,20000000,290000000
Jai Gangaajal,490000000,320000000,440000000,50000000,330000000
Rascals,490000000,320000000,440000000,50000000,450000000
Jolly LLB,460000000,320000000,430000000,20000000,120000000
NH10,430000000,320000000,430000000,0,150000000
Soorma,470000000,320000000,410000000,60000000,320000000
Commando 3,90000000,320000000,70000000,20000000,400000000
Shehzada,470000000,320000000,370000000,100000000,650000000
Dhoom,480000000,310000000,420000000,60000000,110000000
Karthikeya 2,1170000000,310000000,1020000000,150000000,150000000
Baar Baar Dekho,620000000,310000000,420000000,200000000,530000000
Vivah,480000000,310000000,430000000,40000000,80000000
Patiala House,550000000,310000000,420000000,120000000,300000000
Bhoot Part One,390000000,310000000,360000000,30000000,500000000
Jab We Met,480000000,300000000,410000000,70000000,150000000
Highway,520000000,300000000,410000000,110000000,250000000
Thappad,430000000,300000000,360000000,70000000,220000000
Talvar,470000000,300000000,410000000,60000000,150000000
Delhi-6,500000000,300000000,390000000,100000000,400000000
Raaz Reboot,430000000,300000000,400000000,20000000,310000000
Peepli Live,470000000,300000000,400000000,60000000,120000000
Paa,460000000,300000000,400000000,60000000,180000000
Jism 2,420000000,300000000,400000000,10000000,110000000
Ittefaq,510000000,300000000,380000000,120000000,200000000
Dum Laga Ke Haisha,420000000,300000000,400000000,20000000,120000000
Jannat,400000000,290000000,400000000,0,100000000
Thor: Love And Thunder,55500000000,290000000,1270000000,30500000000,19000000000
Golmaal: Fun Unlimited,460000000,290000000,390000000,60000000,110000000
Mausam,520000000,290000000,390000000,120000000,450000000
Shootout at Lokhandwala,440000000,290000000,390000000,40000000,170000000
Tashan,510000000,290000000,390000000,110000000,310000000
Chandni Chowk to China,530000000,290000000,370000000,150000000,650000000
Mujhse Shaadi Karogi,550000000,290000000,390000000,160000000,190000000
Guzaarish,530000000,290000000,390000000,140000000,550000000
Action Replayy,480000000,290000000,390000000,80000000,550000000
Garam Masala,540000000,290000000,390000000,150000000,170000000
Lootera,460000000,290000000,390000000,70000000,300000000
Dil Toh Baccha Hai Ji,400000000,280000000,390000000,10000000,270000000
Ferrari Ki Sawaari,440000000,280000000,370000000,60000000,150000000
Happy Bhaag Jayegi,460000000,280000000,400000000,60000000,200000000
Akira,430000000,280000000,380000000,50000000,300000000
Pari,390000000,280000000,360000000,20000000,300000000
Players,470000000,280000000,380000000,80000000,550000000
London Dreams,450000000,280000000,380000000,60000000,450000000
PM Narendra Modi,350000000,280000000,330000000,10000000,200000000
Doctor Strange In The Multiverse Of Madness,54000000000,280000000,1470000000,31000000000,15000000000
Ishqiya,390000000,280000000,380000000,10000000,180000000
Baazaar,400000000,280000000,360000000,40000000,350000000
Kyaa Kool Hain Hum 3,380000000,280000000,360000000,10000000,250000000
Doctor G,440000000,270000000,330000000,110000000,250000000
No Problem,440000000,270000000,370000000,60000000,350000000
Manmarziyaan,410000000,270000000,350000000,60000000,300000000
Wake Up Sid,470000000,270000000,360000000,110000000,180000000
No One Killed Jessica,430000000,270000000,370000000,60000000,150000000
Mangal Pandey: The Rising,510000000,270000000,370000000,130000000,340000000
Sanam Re,390000000,270000000,370000000,10000000,250000000
Panga,400000000,270000000,320000000,80000000,490000000
Dedh Ishqiya,430000000,270000000,360000000,60000000,350000000
Sarbjit,410000000,270000000,360000000,40000000,300000000
Force,400000000,270000000,360000000,30000000,280000000
Jawaani Jaaneman,420000000,270000000,320000000,90000000,400000000
Jhoom Barabar Jhoom,480000000,270000000,360000000,110000000,250000000
Hate Story 2,360000000,260000000,360000000,0,150000000
Detective Byomkesh Bakshy,430000000,260000000,360000000,70000000,350000000
Tadap,330000000,260000000,300000000,20000000,200000000
Malamaal Weekly,410000000,260000000,360000000,50000000,60000000
Raja Natwarlal,440000000,260000000,350000000,80000000,450000000
Singh Saab The Great,380000000,260000000,350000000,20000000,350000000
Ek Paheli Leela,360000000,260000000,350000000,0,200000000
Fashion,380000000,260000000,350000000,30000000,180000000
The Hero: Love Story of a Spy,440000000,260000000,400000000,30000000,330000000
Salaam Namaste,550000000,260000000,350000000,200000000,100000000
Khakee,450000000,250000000,340000000,100000000,260000000
Karan Arjun,360000000,250000000,340000000,20000000,60000000
Karthik Calling Karthik,380000000,250000000,340000000,30000000,200000000
Raabta,390000000,250000000,350000000,30000000,450000000
Dhobi Ghat,0,250000000,0,0,10000000
Biwi No.1,490000000,250000000,430000000,60000000,120000000
Maine Pyaar Kyun Kiya?,450000000,250000000,350000000,100000000,150000000
Ek Thi Daayan,400000000,250000000,340000000,50000000,240000000
Teri Meri Kahaani,510000000,250000000,340000000,170000000,350000000
Haunted 3D 2011,340000000,250000000,340000000,0,130000000
F.A.L.T.U,340000000,250000000,340000000,0,180000000
Raaz-The Mystery Continues 2009,360000000,250000000,320000000,30000000,150000000
Daawat-E-Ishq,340000000,250000000,340000000,0,300000000
Jazbaa,420000000,250000000,340000000,80000000,280000000
Rock On!!,350000000,250000000,330000000,10000000,160000000
Commando 2,390000000,250000000,330000000,50000000,260000000
Rocky Handsome,350000000,250000000,330000000,10000000,400000000
Gangs of Wasseypur,330000000,250000000,330000000,0,200000000
Go Goa Gone,380000000,240000000,330000000,40000000,190000000
Jaan-E-Mann,450000000,240000000,330000000,120000000,250000000
Ishq,450000000,240000000,420000000,20000000,110000000
Junglee,320000000,240000000,290000000,30000000,500000000
Hum Dil De Chuke Sanam,510000000,240000000,330000000,170000000,160000000
Sarkar,380000000,240000000,330000000,40000000,130000000
Katti Batti,420000000,240000000,330000000,90000000,300000000
Mr. X,370000000,240000000,330000000,30000000,350000000
Khoobsurat,530000000,240000000,330000000,200000000,180000000
Indian,410000000,240000000,400000000,10000000,130000000
Enthiran,2910000000,240000000,2160000000,750000000,1320000000
D Day,390000000,230000000,320000000,70000000,260000000
Bombay Velvet,430000000,230000000,310000000,110000000,1150000000
Saand Ki Aankh,310000000,230000000,280000000,30000000,200000000
Bhoothnath,370000000,230000000,310000000,50000000,200000000
OK Jaanu,390000000,230000000,320000000,60000000,270000000
Lakshya,400000000,230000000,320000000,70000000,300000000
Dil Bole Hadippa!,430000000,230000000,310000000,110000000,250000000
Thackeray,500000000,230000000,460000000,40000000,400000000
Dus,370000000,230000000,310000000,60000000,210000000
Omkara,410000000,230000000,310000000,100000000,250000000
Black,390000000,230000000,320000000,70000000,200000000
Munna Bhai M.B.B.S.,340000000,220000000,310000000,30000000,100000000
Ponniyin Selvan - Part 1,4880000000,220000000,3130000000,1750000000,2500000000
36 China Town,360000000,220000000,300000000,50000000,180000000
Mission Kashmir,420000000,220000000,370000000,40000000,200000000
Salaam-e-Ishq: A Tribute to Love,510000000,220000000,310000000,200000000,350000000
Pardes,400000000,220000000,340000000,60000000,80000000
Billu,460000000,220000000,290000000,160000000,240000000
Kismat Konnection,370000000,220000000,300000000,70000000,250000000
1920 - Evil Returns,300000000,220000000,300000000,0,80000000
Mere Baap Pehle Aap,350000000,220000000,300000000,50000000,180000000
Joker,320000000,220000000,300000000,10000000,470000000
Murder 3,330000000,220000000,300000000,20000000,150000000
Ek Ladki Ko Dekha Toh Aisa Laga,440000000,220000000,260000000,180000000,500000000
Mrs Chatterjee Vs Norway,370000000,220000000,260000000,110000000,200000000
Chandigarh Kare Aashiqui,300000000,220000000,240000000,50000000,400000000
Saawariya,390000000,220000000,270000000,120000000,450000000
Shamitabh,370000000,220000000,300000000,70000000,400000000
Hate Story 4,310000000,220000000,290000000,20000000,150000000
Taal,500000000,220000000,340000000,150000000,150000000
Aurangzeb,340000000,220000000,290000000,50000000,220000000
Rocketry: The Nambi Effect,450000000,220000000,400000000,50000000,10000000
Happy Phirr Bhag Jayegi,310000000,210000000,280000000,30000000,300000000
Roohi,280000000,210000000,250000000,30000000,250000000
Apne,380000000,210000000,290000000,90000000,180000000
Black Adam,29850000000,210000000,570000000,29270000000,15000000000
Jurassic World: Dominion,40000000000,210000000,740000000,27000000000,10000000
Gangs Of Wasseypur 2,310000000,210000000,290000000,20000000,180000000
Saheb Biwi Aur Gangster Returns,290000000,210000000,290000000,0,190000000
Black Panther: Wakanda Forever,66340000000,210000000,870000000,65460000000,12500000000
Nautanki Saala,320000000,210000000,290000000,30000000,150000000
Pyaar To Hona Hi Tha,310000000,210000000,290000000,10000000,70000000
Heropanti 2,280000000,210000000,250000000,20000000,800000000
Hum Tum,410000000,210000000,300000000,110000000,80000000
Raaz,350000000,210000000,340000000,0,50000000
Soldier,370000000,210000000,350000000,20000000,80000000
Commando-A One Man Army,280000000,210000000,280000000,0,170000000
Mulk,300000000,200000000,270000000,30000000,180000000
Baghban,430000000,200000000,280000000,140000000,120000000
Luck,330000000,200000000,280000000,50000000,350000000
Rangoon,390000000,200000000,280000000,110000000,600000000
U Me Aur Hum,390000000,200000000,270000000,110000000,250000000
A Gentleman,380000000,200000000,280000000,90000000,650000000
Newton,280000000,200000000,280000000,0,150000000
Jersey,260000000,200000000,220000000,30000000,600000000
Life Partner,320000000,200000000,270000000,40000000,190000000
Blackmail,300000000,200000000,270000000,30000000,200000000
Rangeela,330000000,200000000,320000000,0,50000000
Karwaan,290000000,200000000,260000000,30000000,200000000
The Ghazi Attack,340000000,200000000,270000000,70000000,160000000
Dil Chahta Hai,380000000,200000000,320000000,60000000,130000000
Rocket Singh: Salesman of the Year,330000000,200000000,260000000,70000000,160000000
Kaante,410000000,200000000,320000000,90000000,280000000
Masti,340000000,200000000,270000000,60000000,100000000
Waqt: The Race Against Time,420000000,200000000,290000000,130000000,160000000
The Accidental Prime Minister,260000000,200000000,240000000,20000000,250000000
The Sky Is Pink,280000000,200000000,230000000,50000000,240000000
Kidnap,330000000,200000000,270000000,60000000,270000000
Raja,330000000,200000000,320000000,10000000,40000000
The Lunchbox,1000000000,200000000,270000000,730000000,220000000
Sunday,310000000,200000000,270000000,40000000,200000000
Hulchul,310000000,200000000,280000000,30000000,100000000
Tere Naal Love Ho Gaya,310000000,190000000,260000000,40000000,130000000
Badhaai Do,230000000,190000000,200000000,30000000,300000000
Taxi No. 9211,310000000,190000000,260000000,50000000,100000000
Krazzy 4,310000000,190000000,260000000,50000000,160000000
Chance Pe Dance,290000000,190000000,260000000,30000000,260000000
Agni Sakshi,310000000,190000000,300000000,0,40000000
Radhe Shyam,1440000000,190000000,1170000000,260000000,3500000000
Ungli,290000000,190000000,260000000,30000000,350000000
Fitoor,390000000,190000000,260000000,130000000,700000000
Chalte Chalte,400000000,190000000,260000000,140000000,110000000
Alone,290000000,190000000,250000000,30000000,180000000
Lipstick Under My Burkha,260000000,190000000,250000000,0,60000000
Te3n,330000000,190000000,250000000,80000000,340000000
Dolly Ki Doli,280000000,190000000,250000000,20000000,180000000
Bade Miyan Chote Miyan,350000000,190000000,320000000,20000000,100000000
Barsaat,330000000,190000000,320000000,10000000,80000000
Kaal,320000000,180000000,250000000,60000000,110000000
Dulhan Hum Le Jayenge,360000000,180000000,310000000,50000000,110000000
Jabariya Jodi,250000000,180000000,220000000,30000000,300000000
Hum Kisise Kum Nahin,290000000,180000000,260000000,20000000,180000000
Sarfarosh,290000000,180000000,250000000,40000000,80000000
Jodi No.1,340000000,180000000,310000000,20000000,100000000
Liger,560000000,180000000,480000000,70000000,1250000000
Chori Chori Chupke Chupke,370000000,180000000,310000000,60000000,100000000
Madaari,280000000,180000000,240000000,40000000,200000000
Ziddi,320000000,180000000,310000000,0,70000000
Bluffmaster!,310000000,180000000,240000000,70000000,80000000
Gupt: The Hidden Truth,330000000,180000000,310000000,10000000,90000000
Pyaar Kiya To Darna Kya,330000000,180000000,250000000,80000000,80000000
Jayeshbhai Jordaar,170000000,170000000,210000000,30000000,10000000
Begum Jaan,0,170000000,0,0,10000000
Josh,340000000,170000000,280000000,50000000,150000000
Fool n Final,270000000,170000000,230000000,30000000,230000000
Main Prem Ki Diwani Hoon,380000000,170000000,270000000,110000000,210000000
Creature,250000000,170000000,230000000,10000000,250000000
Break Ke Baad,290000000,170000000,230000000,50000000,190000000
Aankhen,290000000,170000000,230000000,50000000,150000000
7 Khoon Maaf,270000000,170000000,230000000,30000000,210000000
Qayamat: City Under Threat,280000000,170000000,230000000,40000000,160000000
Attack - Part 1,220000000,170000000,180000000,30000000,550000000
Laaga Chunari Mein Daag,350000000,170000000,230000000,120000000,150000000
Simran,270000000,170000000,230000000,30000000,10000000
Baabul,380000000,170000000,230000000,150000000,220000000
Mujhe Kucch Kehna Hai,290000000,170000000,280000000,10000000,70000000
Cheeni Kum,310000000,170000000,230000000,80000000,110000000
Band Baaja Baaraat,300000000,170000000,230000000,60000000,130000000
Ajnabee,310000000,170000000,230000000,80000000,170000000
Selfiee,240000000,170000000,200000000,40000000,1000000000
Aiyaary,300000000,170000000,210000000,80000000,650000000
Refugee,340000000,170000000,270000000,60000000,140000000
Bombay Talkies,0,170000000,0,0,10000000
Hero No. 1,300000000,170000000,300000000,0,60000000
Section 375,220000000,170000000,200000000,20000000,200000000
Bewafaa,300000000,160000000,220000000,70000000,180000000
Hum Aapke Dil Mein Rehte Hain,360000000,160000000,280000000,70000000,60000000
Qarib Qarib Singlle,240000000,160000000,220000000,10000000,150000000
Yuvvraaj,280000000,160000000,220000000,60000000,450000000
Do Knot Disturb,270000000,160000000,220000000,50000000,280000000
Parineeta,300000000,160000000,220000000,70000000,160000000
Mumbai Saga,220000000,160000000,190000000,20000000,400000000
Jeet,280000000,160000000,270000000,10000000,60000000
Humraaz,280000000,160000000,260000000,20000000,140000000
The Tashkent Files,200000000,160000000,190000000,0,80000000
Awara Paagal Deewana,270000000,160000000,210000000,50000000,130000000
Kachche Dhaage,280000000,160000000,270000000,10000000,100000000
Swades,330000000,160000000,220000000,110000000,200000000
1921,220000000,150000000,200000000,20000000,150000000
Andaaz,280000000,150000000,210000000,70000000,80000000
All Is Well,230000000,150000000,210000000,10000000,280000000
Dhol,230000000,150000000,210000000,10000000,140000000
Zilla Ghaziabad,220000000,150000000,210000000,10000000,340000000
Lajja,330000000,150000000,250000000,70000000,200000000
Life in a Metro,240000000,150000000,210000000,30000000,80000000
Aitraaz,260000000,150000000,210000000,50000000,110000000
Kyaa Kool Hai Hum,210000000,150000000,200000000,0,50000000
Ponniyin Selvan - Part 2,3190000000,150000000,2000000000,1190000000,10000000
Sholay,500000000,150000000,350000000,150000000,30000000
1920 London,220000000,150000000,200000000,20000000,150000000
8 x 10 Tasveer,230000000,150000000,200000000,20000000,350000000
Apaharan,220000000,150000000,210000000,0,100000000
Tezz,260000000,150000000,200000000,50000000,520000000
Har Dil Jo Pyar Karega,320000000,150000000,250000000,60000000,130000000
Guardians of the Galaxy Vol. 3,43500000000,150000000,540000000,25950000000,10000000
Badal,250000000,150000000,250000000,0,100000000
Deewane Huye Paagal,260000000,150000000,200000000,60000000,200000000
Tere Naam,240000000,150000000,190000000,40000000,120000000
Dev.D,190000000,150000000,190000000,0,110000000
Saathiya,280000000,150000000,230000000,40000000,70000000
Ghatak,260000000,150000000,250000000,0,60000000
Mela,280000000,150000000,240000000,30000000,160000000
Zanjeer,220000000,150000000,200000000,20000000,450000000
Haseena Maan Jaayegi,260000000,140000000,240000000,10000000,90000000
Saala Khadoos,210000000,140000000,200000000,0,200000000
Murder,210000000,140000000,200000000,0,50000000
Baadshah,310000000,140000000,240000000,70000000,100000000
Koyla,270000000,140000000,250000000,20000000,120000000
Jhund,230000000,140000000,170000000,50000000,10000000
Freaky Ali,210000000,140000000,190000000,10000000,180000000
Hamara Dil Aapke Paas Hai,290000000,140000000,230000000,50000000,80000000
Fiza,310000000,140000000,230000000,70000000,50000000
Gulaab Gang,220000000,140000000,190000000,30000000,270000000
Khiladiyon Ka Khiladi,250000000,140000000,190000000,50000000,60000000
Maine Pyar Kiya,270000000,140000000,230000000,40000000,40000000
Bhoot,210000000,140000000,200000000,10000000,60000000
Apna Sapna Money Money,190000000,140000000,190000000,0,80000000
Humko Deewana Kar Gaye,270000000,140000000,190000000,80000000,170000000
Satyameva Jayate 2,150000000,140000000,120000000,20000000,600000000
Yuva,230000000,140000000,190000000,30000000,110000000
Satya,180000000,140000000,180000000,0,30000000
Teraa Surroor,200000000,140000000,180000000,10000000,150000000
Dhadkan,260000000,140000000,180000000,70000000,90000000
Hindustan Ki Kasam,260000000,130000000,180000000,70000000,120000000
Bewakoofiyaan,210000000,130000000,180000000,30000000,190000000
Judaai,270000000,130000000,240000000,30000000,60000000
Bandit Queen,200000000,130000000,200000000,0,30000000
Hum Tumhare Hain Sanam,310000000,130000000,180000000,120000000,120000000
Ant-Man and the Wasp: Quantumania,38900000000,130000000,550000000,21550000000,15000000000
Khamoshiyan: Silences Have Secrets,190000000,130000000,180000000,0,110000000
Dhan Dhana Dhan Goal,210000000,130000000,180000000,20000000,180000000
Great Grand Masti,200000000,130000000,180000000,10000000,380000000
Saajan Chale Sasural,230000000,130000000,230000000,0,40000000
Company,230000000,130000000,210000000,20000000,80000000
Chup Chup Ke,240000000,130000000,180000000,60000000,100000000
Aankhen,180000000,130000000,180000000,0,20000000
Deewana Mastana,240000000,130000000,230000000,10000000,70000000
Hunterrr,180000000,130000000,180000000,0,90000000
Hate Story,170000000,130000000,170000000,0,90000000
Babumoshai Bandookbaaz,180000000,130000000,180000000,0,100000000
Ghulam,230000000,130000000,210000000,10000000,70000000
India's Most Wanted,180000000,130000000,150000000,20000000,300000000
Bbuddah...Hoga Terra Baap,210000000,130000000,170000000,30000000,200000000
Maa Tujhhe Salaam,210000000,130000000,210000000,0,120000000
Judwaa,230000000,130000000,170000000,50000000,60000000
Paheli,310000000,130000000,180000000,130000000,140000000
Shaadi Mein Zaroor Aana,170000000,130000000,160000000,0,130000000
Major Saab,220000000,120000000,200000000,10000000,80000000
Major,580000000,120000000,450000000,130000000,300000000
Ujda Chaman,160000000,120000000,150000000,10000000,200000000
Khuda Haafiz Chapter II,150000000,120000000,130000000,20000000,10000000
Phone Bhoot,170000000,120000000,150000000,20000000,250000000
Mujhse Dosti Karoge!,320000000,120000000,200000000,120000000,110000000
China Gate,220000000,120000000,210000000,0,90000000
Halla Bol,190000000,120000000,170000000,20000000,200000000
Dulhe Raja,210000000,120000000,210000000,0,50000000
Kyon Ki,220000000,120000000,170000000,50000000,200000000
Gangster,160000000,120000000,160000000,0,50000000
Coolie No. 1,210000000,120000000,200000000,0,30000000
Manjhi - The Mountain Man,160000000,120000000,160000000,0,80000000
God Tussi Great Ho,200000000,120000000,170000000,30000000,210000000
Heroes,230000000,120000000,160000000,60000000,180000000
Hungama,180000000,120000000,170000000,10000000,60000000
Hera Pheri,210000000,120000000,160000000,40000000,70000000
Made In China,160000000,120000000,140000000,10000000,250000000
Mere Dad Ki Maruti,170000000,120000000,160000000,0,100000000
Kya Kehna,210000000,120000000,190000000,10000000,40000000
Mohra,220000000,120000000,160000000,60000000,30000000
Khalnayak,210000000,120000000,210000000,0,50000000
Bandhan,210000000,110000000,200000000,0,50000000
Bunty Aur Babli 2,200000000,110000000,140000000,60000000,300000000
Paan Singh Tomar,170000000,110000000,160000000,10000000,70000000
Yamla Pagla Deewana Phir Se,170000000,110000000,140000000,20000000,300000000
Fanney Khan,190000000,110000000,140000000,40000000,180000000
Pyare Mohan,180000000,110000000,150000000,20000000,120000000
Chup,190000000,110000000,130000000,50000000,250000000
Ek Aur Ek Gyarah,190000000,110000000,160000000,30000000,80000000
Ab Tumhare Hawale Watan Saathiyo,190000000,110000000,150000000,30000000,200000000
Bobby Jasoos,200000000,110000000,150000000,40000000,240000000
Chal Mere Bhai,210000000,110000000,180000000,20000000,130000000
Beta,210000000,110000000,210000000,0,40000000
A Wednesday!,150000000,110000000,150000000,0,30000000
Loveyatri,180000000,110000000,150000000,20000000,220000000
Asoka,270000000,110000000,190000000,80000000,120000000
Arjun Pandit,310000000,110000000,240000000,70000000,90000000
Deewangee,170000000,110000000,150000000,10000000,90000000
Vaastav: The Reality,190000000,110000000,190000000,0,50000000
Chachi 420,200000000,110000000,190000000,0,40000000
An Action Hero,160000000,110000000,130000000,30000000,300000000
Poster Boys,140000000,110000000,140000000,0,180000000
Daag: The Fire,200000000,110000000,180000000,10000000,60000000
Virasat,200000000,110000000,190000000,10000000,50000000
Lucknow Central,160000000,110000000,150000000,10000000,10000000
Yes Boss,220000000,110000000,190000000,30000000,50000000
Hadh Kar Di Aapne,190000000,110000000,170000000,10000000,70000000
Vikrant Rona,1000000000,110000000,940000000,50000000,950000000
Sye Raa Narasimha Reddy,2460000000,110000000,2160000000,300000000,2750000000
Kurukshetra,180000000,110000000,170000000,10000000,80000000
Why Cheat India,140000000,100000000,130000000,10000000,250000000
Darr,210000000,100000000,190000000,10000000,30000000
Zameen,160000000,100000000,150000000,10000000,100000000
Jaani Dushman: Ek Anokhi Kahani,190000000,100000000,140000000,40000000,180000000
Jhootha Hi Sahi,160000000,100000000,140000000,20000000,350000000
Table No. 21,170000000,100000000,140000000,30000000,80000000
Guest iin London,110000000,100000000,110000000,0,280000000
Jaanwar,180000000,100000000,140000000,40000000,60000000
Dil Se..,240000000,100000000,140000000,90000000,80000000
Kunwara,190000000,100000000,180000000,10000000,90000000
Phir Bhi Dil Hai Hindustani,240000000,100000000,170000000,70000000,130000000
Nayak: The Real Hero,190000000,100000000,170000000,20000000,200000000
Tumko Na Bhool Paayenge,190000000,100000000,170000000,20000000,120000000
Rock On 2,170000000,100000000,140000000,30000000,400000000
Bichhoo,170000000,100000000,170000000,0,70000000
John Wick: Chapter 4,30500000000,100000000,610000000,16350000000,9000000000
Hello Brother,200000000,100000000,170000000,20000000,90000000
Mirzya,150000000,100000000,140000000,0,450000000
Gangaajal,160000000,100000000,140000000,20000000,70000000
Wajah Tum Ho,140000000,100000000,140000000,0,140000000
Albela,180000000,100000000,170000000,10000000,100000000
Mukkabaaz,0,100000000,0,0,100000000
Bhoomi (film),140000000,100000000,140000000,0,250000000
1920,130000000,100000000,130000000,0,60000000
Paltan,140000000,100000000,130000000,10000000,250000000
Revolver Rani,130000000,100000000,130000000,0,220000000
Bheja Fry 2,170000000,100000000,130000000,30000000,90000000
Vikram,4140000000,100000000,2890000000,1250000000,1200000000
Firangi,160000000,100000000,130000000,20000000,250000000
Angrezi Medium,150000000,100000000,120000000,30000000,10000000
Saheb Biwi Aur Gangster,140000000,100000000,130000000,0,50000000
Tumbbad,130000000,100000000,130000000,0,10000000
Pataakha,130000000,100000000,130000000,0,200000000
Anari No.1,170000000,100000000,170000000,0,60000000
Hogi Pyaar Ki Jeet,140000000,100000000,130000000,0,60000000
Shaadi Se Pehle,150000000,100000000,130000000,20000000,100000000
Fida,160000000,100000000,150000000,10000000,100000000
Tera Jadoo Chal Gayaa,180000000,90000000,160000000,20000000,80000000
Ragini MMS,130000000,90000000,130000000,0,50000000
Love Sex aur Dhokha,120000000,90000000,120000000,0,40000000
Jaan,170000000,90000000,160000000,0,40000000
Phoonk,130000000,90000000,130000000,0,40000000
Welcome to Sajjanpur,130000000,90000000,130000000,0,80000000
Sabse Bada Khiladi,160000000,90000000,120000000,30000000,40000000
Saajan,180000000,90000000,180000000,0,40000000
Aap Mujhe Achche Lagne Lage,190000000,90000000,140000000,40000000,100000000
Mr. and Mrs. Khiladi,130000000,90000000,120000000,0,50000000
Aan: Men at Work,140000000,90000000,120000000,10000000,150000000
Aksar 2,120000000,90000000,110000000,0,90000000
Krantiveer,140000000,90000000,140000000,0,20000000
Sanam Teri Kasam,150000000,90000000,120000000,20000000,180000000
Diljale,150000000,90000000,120000000,30000000,50000000
Ajay,160000000,90000000,160000000,0,60000000
Anek,90000000,90000000,100000000,10000000,10000000
Julie,130000000,90000000,120000000,0,50000000
Namaste England,120000000,90000000,110000000,0,500000000
Pyar ka Punchnama,170000000,90000000,120000000,50000000,90000000
Pal Pal Dil Ke Paas,120000000,90000000,100000000,20000000,300000000
Drona,180000000,80000000,130000000,40000000,350000000
Haan Maine Bhi Pyaar Kiya,190000000,80000000,120000000,70000000,110000000
Bhai,140000000,80000000,130000000,10000000,50000000
International Khiladi,160000000,80000000,110000000,40000000,70000000
HIT â€“ The First Case,80000000,80000000,100000000,10000000,10000000
Dil Kya Kare,180000000,80000000,140000000,40000000,90000000
Banjo,130000000,80000000,110000000,10000000,200000000
Bheja Fry,110000000,80000000,110000000,0,10000000
Tujhe Meri Kasam,120000000,80000000,120000000,0,30000000
Arjun Patiala,120000000,80000000,100000000,20000000,250000000
Guddu Rangeela,130000000,80000000,110000000,10000000,150000000
Dosti: Friends Forever,220000000,80000000,110000000,100000000,150000000
Luv Shuv Tey Chicken Khurana,120000000,80000000,110000000,10000000,110000000
Ghayal,200000000,80000000,160000000,40000000,20000000
Saudagar,150000000,80000000,150000000,0,50000000
Godfather,1070000000,80000000,870000000,200000000,1000000000
Ram Jaane 1995,150000000,80000000,140000000,0,30000000
Trimurti,140000000,80000000,130000000,10000000,100000000
Khoobsurat,150000000,80000000,140000000,0,60000000
Aksar,110000000,80000000,110000000,0,40000000
Dhaai Akshar Prem Ke,160000000,80000000,120000000,30000000,80000000
Shikara,110000000,80000000,100000000,10000000,250000000
Rashtra Kavach: OM,40000000,80000000,90000000,10000000,10000000
Sita Ramam,940000000,80000000,770000000,170000000,250000000
B.A. Pass,110000000,80000000,110000000,0,60000000
Mere Yaar Ki Shaadi Hai,150000000,80000000,120000000,20000000,50000000
Welcome 2 Karachi,130000000,80000000,110000000,20000000,250000000
Daddy,110000000,80000000,110000000,0,10000000
Mard,160000000,80000000,160000000,0,10000000
Raja Babu,150000000,80000000,150000000,0,20000000
Haseena Parkar,110000000,80000000,110000000,0,150000000
Jism,120000000,70000000,120000000,0,30000000
Varisu,2970000000,70000000,2080000000,890000000,2000000000
Tango Charlie,120000000,70000000,110000000,10000000,140000000
Main Khiladi Tu Anari,130000000,70000000,100000000,30000000,30000000
Talaash: The Hunt Begins...,140000000,70000000,100000000,40000000,90000000
Ram Gopal Varma Ki Aag,130000000,70000000,110000000,20000000,200000000
Kyo Kii Main Jhuth Nahin Bolta,130000000,70000000,120000000,0,80000000
Eternals,13000000000,70000000,320000000,6700000000,15000000000
Gumraah,90000000,70000000,80000000,0,250000000
Ishq Vishk,100000000,70000000,100000000,0,50000000
Yeh Raaste Hain Pyaar Ke,140000000,70000000,120000000,20000000,80000000
Prem Granth,130000000,70000000,120000000,0,50000000
Tere Mere Sapne,130000000,70000000,130000000,0,30000000
Dus Kahaniyaan,120000000,70000000,100000000,20000000,200000000
Kaalakaandi,0,70000000,0,0,250000000
One Two Three,0,70000000,0,0,10000000
Kya Yehi Pyaar Hai,120000000,70000000,110000000,0,50000000
777 Charlie,1020000000,70000000,960000000,50000000,150000000
Joru Ka Ghulam,120000000,70000000,110000000,0,50000000
Jis Desh Mein Ganga Rehta Hain,120000000,70000000,120000000,0,70000000
Road,120000000,70000000,110000000,0,50000000
IB 71,90000000,70000000,80000000,10000000,10000000
Bank Chor,100000000,70000000,100000000,0,150000000
The Legend of Bhagat Singh,110000000,70000000,100000000,0,180000000
Baazigar,130000000,70000000,130000000,0,20000000
Main Aurr Mrs Khanna,140000000,70000000,90000000,40000000,280000000
Zeher,100000000,70000000,90000000,0,50000000
Deewana,130000000,70000000,130000000,0,40000000
Amar Akbar Anthony,0,70000000,0,0,10000000
Godzilla vs. Kong,25000000000,70000000,550000000,19000000000,13000000000
Shang-Chi and the Legend of the Ten Rings,9300000000,70000000,120000000,4100000000,11500000000
Aap Ki Khatir,140000000,70000000,110000000,30000000,150000000
Raman Raghav 2.0,100000000,70000000,90000000,10000000,100000000
Jaal: The Trap,110000000,70000000,100000000,0,100000000
Dil,170000000,70000000,120000000,50000000,20000000
Knock Out,100000000,60000000,90000000,0,250000000
Laadla,120000000,60000000,120000000,0,30000000
Kalyug,90000000,60000000,90000000,0,40000000
Chocolate,100000000,60000000,90000000,0,90000000
Akele Hum Akele Tum,120000000,60000000,110000000,0,40000000
Suhaag,120000000,60000000,110000000,0,30000000
Khamoshi: The Musical,140000000,60000000,110000000,20000000,60000000
Venom: Let There Be Carnage,14600000000,60000000,30000000,3400000000,8200000000
Goodbye,100000000,60000000,80000000,20000000,250000000
Prassthanam,100000000,60000000,80000000,20000000,400000000
Sapoot,120000000,60000000,100000000,20000000,50000000
Jeena Sirf Merre Liye,120000000,60000000,100000000,10000000,80000000
Deewane,120000000,60000000,100000000,10000000,80000000
Armaan,130000000,60000000,90000000,40000000,80000000
Dil Ne Jise Apna Kahaa,120000000,60000000,90000000,30000000,100000000
Sonchiriya,80000000,60000000,70000000,0,300000000
Kahin Pyaar Na Ho Jaaye,130000000,60000000,110000000,20000000,80000000
Sooryavansham,120000000,60000000,110000000,10000000,70000000
Bhaiaji Superhit,80000000,60000000,80000000,0,400000000
Daraar,100000000,60000000,100000000,0,50000000
Army,110000000,60000000,100000000,0,40000000
Vijaypath,110000000,60000000,80000000,20000000,20000000
Blank,80000000,60000000,70000000,10000000,300000000
Chef,100000000,60000000,80000000,10000000,130000000
Calendar Girls,80000000,60000000,80000000,0,120000000
Dilwale,120000000,60000000,80000000,30000000,20000000
Maharaja,100000000,60000000,90000000,0,50000000
Tezaab,160000000,60000000,110000000,50000000,10000000
Haqeeqat,100000000,60000000,100000000,0,40000000
Damini â€“ Lightning,110000000,60000000,110000000,0,20000000
Phool Aur Kaante,110000000,60000000,110000000,0,20000000
Sadak,100000000,60000000,100000000,0,30000000
Yeh Dil Aashiqanaa,90000000,60000000,90000000,0,40000000
Pyaar Impossible!,90000000,60000000,80000000,0,120000000
Top Gun: Maverick,1.23E+11,50000000,510000000,1.22E+11,13000000000
Genius,70000000,50000000,70000000,0,300000000
Sangharsh,100000000,50000000,70000000,20000000,40000000
Jung,100000000,50000000,90000000,10000000,40000000
Rudraksh,90000000,50000000,80000000,10000000,150000000
Kuttey,80000000,50000000,60000000,10000000,500000000
Khiladi 420,100000000,50000000,70000000,20000000,80000000
Do Lafzon Ki Kahani,70000000,50000000,70000000,0,110000000
Vaah! Life Ho Toh Aisi!,80000000,50000000,70000000,0,100000000
Hulchul,80000000,50000000,80000000,0,40000000
Insaniyat,100000000,50000000,90000000,0,40000000
Anari,100000000,50000000,100000000,0,20000000
Aarzoo,110000000,50000000,70000000,40000000,80000000
Noor,0,50000000,0,0,10000000
Stanley Ka Dabba,70000000,50000000,70000000,0,40000000
Masoom,80000000,50000000,80000000,0,10000000
Yeh Dillagi,100000000,50000000,100000000,0,20000000
Aflatoon,90000000,50000000,70000000,20000000,40000000
Bobby,290000000,50000000,100000000,190000000,10000000
Mr. India,100000000,50000000,100000000,0,20000000
Mughal-e-Azam,100000000,50000000,100000000,0,0
Dil Ka Rishta,130000000,50000000,70000000,50000000,80000000
Rehnaa Hai Terre Dil Mein,100000000,50000000,80000000,10000000,50000000
Bewafa Sanam,70000000,50000000,70000000,0,10000000
Yeh Hai Jalwa,90000000,50000000,70000000,10000000,70000000
Sirf Tum,100000000,50000000,90000000,10000000,20000000
Khichdi: The Movie,70000000,50000000,70000000,0,40000000
Bangistan,80000000,50000000,70000000,10000000,250000000
Style,70000000,50000000,70000000,0,20000000
Aunty No. 1,90000000,50000000,90000000,0,40000000
Hum Hain Rahi Pyar Ke,90000000,50000000,80000000,10000000,20000000
Roti Kapda Aur Makaan,100000000,50000000,100000000,0,10000000
Lahu Ke Do Rang,90000000,50000000,60000000,20000000,50000000
Andaz Apna Apna,70000000,50000000,70000000,0,30000000
Kyaa Dil Ne Kahaa,80000000,50000000,70000000,10000000,60000000
Ravan Raaj: A True Story,70000000,50000000,70000000,0,20000000
Baazi,70000000,40000000,70000000,0,30000000
Notebook,60000000,40000000,60000000,0,200000000
Indu Sarkar,60000000,40000000,60000000,0,10000000
Game Over,160000000,40000000,140000000,10000000,200000000
Nil Battey Sannata,60000000,40000000,60000000,0,70000000
The Zoya Factor,80000000,40000000,60000000,10000000,300000000
Dobaaraa,10000000,40000000,50000000,0,10000000
Dasara,1180000000,40000000,960000000,220000000,650000000
Zamana Deewana,70000000,40000000,60000000,0,40000000
Elaan,80000000,40000000,80000000,0,10000000
Tutak Tutak Tutiya,60000000,40000000,60000000,0,110000000
Helicopter Eela,70000000,40000000,50000000,10000000,150000000
Bol Radha Bol,80000000,40000000,80000000,0,20000000
Tum Bin 2,60000000,40000000,60000000,0,150000000
Khuddar,70000000,40000000,70000000,0,10000000
Tum Bin - Love Will Find a Way,70000000,40000000,60000000,0,20000000
Taarzan: The Wonder Car,60000000,40000000,50000000,0,140000000
Junooniyat,50000000,40000000,50000000,0,110000000
Shazam! Fury Of The Gods,11000000000,40000000,190000000,6200000000,9000000000
Khiladi,70000000,40000000,60000000,10000000,20000000
Mother India,90000000,40000000,80000000,0,10000000
Sanam Bewafa,80000000,40000000,80000000,0,20000000
Chandni Bar,60000000,40000000,60000000,0,10000000
Maidan-E-Jung,60000000,40000000,60000000,0,30000000
Dil Hai Ke Manta Nahin,70000000,40000000,60000000,10000000,10000000
Dhaakad,0,40000000,40000000,0,10000000
Kabzaa,340000000,40000000,320000000,10000000,10000000
Nanu Ki Jaanu,0,40000000,0,0,150000000
Jo Jeeta Wohi Sikander,60000000,30000000,50000000,10000000,20000000
No Time To Die,11000000000,30000000,190000000,11000000000,18500000000
Sangam,80000000,30000000,70000000,10000000,0
Zamane Se Kya Darna,60000000,30000000,60000000,0,20000000
Kaanchi...,50000000,30000000,50000000,0,200000000
Janhit Mein Jaari,50000000,30000000,40000000,10000000,10000000
Kabhi Haan Kabhi Naa,50000000,30000000,50000000,0,10000000
Traffic,50000000,30000000,50000000,0,90000000
Darbar,2470000000,30000000,1730000000,740000000,2000000000
Insaaf,60000000,30000000,50000000,10000000,30000000
Jayantabhai Ki Luv Story,50000000,30000000,50000000,0,130000000
Mitron,50000000,30000000,40000000,0,150000000
Don,70000000,30000000,70000000,0,10000000
Fareb,60000000,30000000,60000000,0,10000000
Masaan,40000000,30000000,40000000,0,70000000
Gunga Jumna,100000000,30000000,60000000,40000000,0
Haathi Mere Saathi,60000000,30000000,60000000,0,10000000
Suraj Pe Mangal Bhari,40000000,30000000,30000000,0,250000000
Aashiqui,50000000,30000000,40000000,0,10000000
Dhokha: Round D Corner,40000000,30000000,30000000,0,200000000
Jalebi,40000000,30000000,40000000,0,10000000
Disco Dancer,1000000000,30000000,60000000,940000000,20000000
Seeta Aur Geeta,160000000,30000000,60000000,100000000,10000000
Chehre,40000000,30000000,30000000,0,10000000
Laal Kaptaan,40000000,30000000,30000000,0,400000000
Udaan,40000000,30000000,40000000,0,40000000
Kuch Kuch Locha Hai,40000000,30000000,40000000,0,130000000
Kaafila,40000000,30000000,30000000,0,150000000
Buddha Mar Gaya,50000000,30000000,40000000,10000000,40000000
One Night Stand,40000000,30000000,40000000,0,150000000
Zaalim,50000000,30000000,50000000,0,10000000
Chori Chori,50000000,30000000,40000000,10000000,60000000
Pihu,30000000,30000000,30000000,0,20000000
Zanjeer,60000000,30000000,60000000,0,10000000
Waqt,60000000,20000000,50000000,0,10000000
The Batman,19000000000,20000000,430000000,9000000000,10000000
Hum Hain Bemisaal,40000000,20000000,40000000,0,20000000
Mere Mehboob,50000000,20000000,50000000,0,0
Angaaray,50000000,20000000,30000000,10000000,30000000
Qayamat Se Qayamat Tak,50000000,20000000,40000000,10000000,10000000
Waiting,30000000,20000000,30000000,0,70000000
Mili,30000000,20000000,30000000,0,100000000
Malaal,30000000,20000000,30000000,0,100000000
Laila Majnu,30000000,20000000,30000000,0,100000000
Manto,30000000,20000000,30000000,0,100000000
Phool Aur Paththar,140000000,20000000,50000000,90000000,0
The Body,30000000,20000000,30000000,0,300000000
Master,2230000000,20000000,1780000000,440000000,1350000000
Aggar,90000000,20000000,80000000,10000000,10000000
Jai Kishen,40000000,20000000,40000000,0,20000000
Phobia,30000000,20000000,30000000,0,80000000
Mard Ko Dard Nahi Hota,30000000,20000000,30000000,0,210000000
Aligarh,30000000,20000000,30000000,0,110000000
Bhangra Paa Le,20000000,20000000,20000000,0,80000000
Fantastic Beasts: The Secrets of Dumbledore,0,20000000,110000000,0,10000000
Salaam Venky,30000000,20000000,20000000,0,150000000
Uncharted,11000000000,20000000,100000000,6700000000,9000000000
Pailwaan,520000000,20000000,480000000,40000000,400000000
Gandhi Godse Ek Yudh,0,20000000,0,0,10000000
Mere Jeevan Saathi,30000000,20000000,30000000,0,110000000
Shabaash Mithu,10000000,20000000,20000000,0,10000000
Bheed,20000000,20000000,20000000,0,10000000
Jai Mummy Di,30000000,20000000,20000000,0,200000000
Love Sonia,30000000,20000000,30000000,0,150000000
Nikamma,0,20000000,20000000,0,10000000
Saugandh,30000000,20000000,30000000,0,20000000
Akaash Vani,30000000,20000000,20000000,0,100000000
Zwigato,10000000,20000000,10000000,0,10000000
FryDay,20000000,20000000,20000000,0,150000000